0|Name|City|Contry|Desct|Engleski|8|12.12.2024. 00:00:00|5.00:00:00|1|
1|Name|City City|Contry|Desct|Engleski|9|13.3.2023. 00:00:00|4.00:00:00|2|
2|N|Novi Sad|Srbija|Prelijepo|Srpski|5|14.3.2024. 00:00:00|2.00:00:00|9|
3|Tura avantura|Bijeljina|Bosna i Hercegovina|Divno|Srpski|5|3.10.2024. 00:00:00|2.00:00:00|2|
4|Turica avanturica|Ugljevik|Bosna i Hercegovina|Bleh|Srpski|7|11.3.2024. 00:00:00|1.00:00:00|2|
5|Tura avantura|Trebinje|Bosna i HERCEGOVINA|Divno|Srpski|5|14.3.2024. 00:00:00|2.00:00:00|2|
6|Turica avanturica|Nevesinje|Bosna i HERCEGOVINA|Bleh|Srpski|7|13.3.2024. 00:00:00|1.00:00:00|2|
7|Koko|loko|kjj|kkjj|Engleski|7|14.3.2024. 00:00:00|00:00:15|4|
8|Koko|loko|kjj|kkjj|Engleski|7|15.3.2024. 00:00:00|00:00:15|23|
9|Koko|loko|kjj|kkjj|Engleski|7|15.3.2024. 00:00:00|00:00:15|23|
10|Koko|loko|kjj|kkjj|Engleski|7|16.3.2024. 00:00:00|00:00:15|23|
11|Sedmi sprat i mrak u stanu|Podgorica|Crna Gora|mrak|Francuski|3|14.4.2024. 00:00:00|00:17:00|24|
12|Sedmi sprat i mrak u stanu|Podgorica|Crna Gora|mrak|Francuski|3|14.3.2024. 00:00:00|00:17:00|24|
13|Sedmi sprat i mrak u stanu|Podgorica|Crna Gora|mrak|Francuski|3|14.3.2024. 00:00:00|00:17:00|24|
14|brt|g|g|h|Engleski|10|1.1.2024. 00:00:00|00:00:15|26|
15|y|h|j|j|Engleski|2|1.1.2024. 00:00:00|00:12:00|27|
16|y|h|j|j|Engleski|2|1.4.2024. 00:00:00|00:12:00|27|
17|y|h|j|j|Engleski|2|1.5.2024. 00:00:00|00:12:00|27|
18|y|h|j|j|Engleski|2|1.6.2024. 00:00:00|00:12:00|27|
19|o|o|o|o|Engleski|1|1.1.2024. 00:00:00|00:00:15|28|
20|o|o|o|o|Engleski|12|1.1.2024. 00:00:00|00:00:00|29|
21|o|o|o|o|Engleski|12|1.2.2024. 00:00:00|00:00:00|29|
22|k|k|k|k|Srpski|12|1.1.2024. 00:00:00|00:00:15|30|
23|k|k|k|k|Srpski|12|2.2.2024. 00:00:00|00:00:15|30|
24|hh|hh|hh|hh|Engleski|7|1.1.2024. 00:00:00|00:12:00|31|
